Movie_Id,Name,Release_Date
/m/07nt4j,Last Holiday,1905
/m/08vbh1,"Yes, Giorgio",1905
/m/0jqzt,Frankenstein,1931
/m/03ygv3,Robot Monster,1953
/m/01kf5lf,Goldfinger,1964
/m/0dtfn,Star Wars Episode IV: A New Hope,1977
/m/0jqn5,E.T. the Extra-Terrestrial,1982
/m/05d2n_,Staying Alive,1983
/m/03lrx2,Streets of Fire,1984
/m/01rnly,The Cotton Club,1984
/m/0fm5t9,Police Academy,1984
/m/0184tc,Labyrinth,1986
/m/0bmfqzg,The Whoopee Boys,1986
/m/032clf,Dirty Dancing,1987
/m/0yyts,Driving Miss Daisy,1989
/m/055yv7,Lean on Me,1989
/m/014l6_,Pretty Woman,1990
/m/01msrb,Robin Hood: Prince of Thieves,1991
/m/0dj0m5,Christopher Columbus: The Discovery,1992
/m/0bwp_w,Final Analysis,1992
/m/016ztl,Porco Rosso,1992
/m/02rq8k8,Shining Through,1992
/m/0hx4y,Jurassic Park,1993
/m/055pdn,Baby's Day Out,1994
/m/0bdjd,Forrest Gump,1994
/m/03rtz1,North,1994
/m/0m63c,The Lion King,1994
/m/0gkjmf,Go Fish,1994
/m/0g_zyp,Love Affair,1994
/m/05zz7kt,Holy Matrimony,1994
/m/08lr6s,The Scarlet Letter,1995
/m/0ds2n,Independence Day,1996
/m/06r2h,Star Trek: First Contact,1996
/m/0211pk,Cube,1997
/m/0dr_4,Titanic,1997
/m/043ncp,Soul Food,1997
/m/035bcl,Meet Joe Black,1998
/m/056qgs,The Rugrats Movie,1998
/m/0bv8h2,Bicentennial Man,1999
/m/03fts,Galaxy Quest,1999
/m/0ddt_,Star Wars Episode I: The Phantom Menace,1999
/m/08yf3q,The Mod Squad,1999
/m/01kff7,Wild Wild West,1999
/m/04ynq7,"Dude, Where's My Car?",2000
/m/03176f,Harry Potter and the Philosopher's Stone,2001
/m/017gl1,The Lord of the Rings: The Fellowship of the Ring,2001
/m/031778,Harry Potter and the Chamber of Secrets,2002
/m/0bxxzb,I Spy,2002
/m/012s1d,Spider-Man,2002
/m/017gm7,The Lord of the Rings: The Two Towers,2002
/m/02_fm2,Treasure Planet,2002
/m/02z9fb,Beyond Borders,2003
/m/01jrbb,Finding Nemo,2003
/m/01qvz8,Gigli,2003
/m/017jd9,The Lord of the Rings: The Return of the King,2003
/m/0x25q,The Matrix Reloaded,2003
/m/02cxj_,A Cinderella Story,2004
/m/049mql,Alexander,2004
/m/03177r,Harry Potter and the Prisoner of Azkaban,2004
/m/04gz04,Raise Your Voice,2004
/m/02lk60,Shrek 2,2004
/m/02wgk1,Spider-Man 2,2004
/m/01vw8k,Troy,2004
/m/03c96_,New York Minute,2004
/m/0h5y0v,Ella Enchanted,2004
/m/031786,Harry Potter and the Goblet of Fire,2005
/m/0fdv3,Star Wars Episode III: Revenge of the Sith,2005
/m/0639bg,"The Chronicles of Narnia: The Lion, the Witch and the Wardrobe",2005
/m/093l8p,Transamerica,2005
/m/03y0pn,Pirates of the Caribbean: Dead Man's Chest,2006
/m/065dc4,The Da Vinci Code,2006
/m/0d4htf,Enchanted,2007
/m/084qpk,Grindhouse,2007
/m/031hcx,Harry Potter and the Order of the Phoenix,2007
/m/05nlx4,Pirates of the Caribbean: At World's End,2007
/m/03nfnx,Shrek the Third,2007
/m/0340hj,Spider-Man 3,2007
/m/02qnxd8,No Reservations,2007
/m/02qk3fk,"PS, I Love You",2007
/m/05zlld0,Transformers,2007
/m/04mcw4,Indiana Jones and the Kingdom of the Crystal Skull,2008
/m/0btpm6,The Dark Knight,2008
/m/026f__m,Meet Dave,2008
/m/02ryz24,Tropic Thunder,2008
/m/03ck042,Hannah Montana &amp; Miley Cyrus: Best of Both Worlds Concert,2008
/m/03bzyn4,Sex and the City,2008
/m/03nm_fh,Twilight,2008
/m/0bth54,Avatar,2009
/m/03hxsv,Harry Potter and the Half-Blood Prince,2009
/m/02yvct,Inglourious Basterds,2009
/m/08phg9,Star Trek,2009
/m/0dx6m2,Enter the Void,2009
/m/02rn00y,Up,2009
/m/02x3lt7,Hannah Montana: The Movie,2009
/m/047vnkj,2012,2009
/m/047rkcm,The Ugly Truth,2009
/m/027j9wd,Ice Age: Dawn of the Dinosaurs,2009
/m/047csmy,Transformers: Revenge of the Fallen,2009
/m/05pxnmb,Imagine That,2009
/m/05pdh86,New Moon,2009
/m/04hwbq,Toy Story 3,2010
/m/02qydsh,Shrek Forever After,2010
/m/02pth35,Harry Potter and the Deathly Hallows - Part I,2010
/m/04jpg2p,Alice in Wonderland,2010
/m/05f4_n0,Kick-Ass,2010
/m/05sxzwc,Jonah Hex,2010
/m/0661ql3,Inception,2010
/m/075wx7_,Eclipse,2010
/m/06w9zfg,The Bounty Hunter,2010
/m/06_wqk4,Valentine's Day,2010
/m/07kbd5d,Buried,2010
/m/09gb_4p,127 Hours,2010
/m/075wx89,The Twilight Saga: Breaking Dawn - Part 1,2011
/m/07sc6nw,Sucker Punch,2011
/m/0872p_c,Transformers: Dark of the Moon,2011
/m/09v8clw,Pirates of the Caribbean: On Stranger Tides,2011
/m/0cc7nwj,Fright Night,2011
/m/0dgqlnx,Mission: Impossible ? Ghost Protocol,2011
/m/0g9zljd,A Separation,2011
/m/0gmcwlb,The Artist,2011
/m/0gvsynb,Harry Potter and the Deathly Hallows ? Part 2,2011
/m/0gys2jp,The Flowers of War,2011
/m/062zm5h,The Avengers,2012
/m/0h1zb6y,Price Check,2012
/m/0ndwt2w,The Hobbit: An Unexpected Journey,2012
